id_cita,id_cliente,id_servicio,fecha,hora_inicio,hora_fin,estado,id_empleado
1,1,1,2026-10-01,10:00,10:45,confirmada,1
2,2,5,2026-10-01,11:00,13:00,confirmada,2
3,3,2,2026-10-01,16:00,16:30,confirmada,1
4,4,7,2026-10-02,10:00,13:30,confirmada,2
5,5,3,2026-10-02,15:00,16:00,confirmada,1
6,22,7,2026-10-02,16:00,19:30,confirmada,2
7,7,6,2026-09-29,09:30,12:30,confirmada,1
8,7,4,2026-09-29,14:00,14:45,confirmada,2
9,7,4,2026-09-28,10:30,11:15,confirmada,1
10,7,6,2026-09-30,11:30,14:30,confirmada,2
13,8,7,2026-10-01,16:30,20:00,cancelada,1
14,8,9,2026-10-08,11:00,13:45,cancelada,2
15,7,1,2026-10-06,10:00,10:45,confirmada,1
16,0,10,2026-10-05,09:30,13:15,confirmada,2
17,9,1,2026-10-05,13:30,14:15,confirmada,1
18,10,6,2026-09-29,15:00,18:00,confirmada,2
19,11,1,2026-09-29,18:00,18:45,confirmada,1
